{"train/loss": 0.3874, "train/learning_rate": 6.070615772454311e-07, "train/epoch": 1.89, "train/global_step": 600, "_timestamp": 1690600757.5457585, "_runtime": 10873.841339588165, "_step": 29, "eval/loss": 0.40700021386146545, "eval/runtime": 61.8074, "eval/samples_per_second": 13.477, "eval/steps_per_second": 0.858}