{"train/loss": 0.4719, "train/learning_rate": 1.9472167364494574e-05, "train/epoch": 0.31, "train/global_step": 100, "_timestamp": 1690373402.9744651, "_runtime": 4739.653347015381, "_step": 9}